{
	"fluence": {
		"min": 0.0,
		"max": 0.7856078352369877,
		"mean": 0.1741071820911479,
		"std": 0.13383147673815157,
		"ssr": 0.017910864165914406
	},
	"segmentation": {
		"min": 0.0,
		"max": 5.0,
		"mean": 0.7032748429232771,
		"std": 0.5302048645580397,
		"ssr": 0.2811171984010093,
		"plus_one": false
	},
	"mua": {
		"min": 0.0003815866884764593,
		"max": 3.969766254202775,
		"mean": 0.1887368868352624,
		"std": 0.39535231620048716,
		"ssr": 0.15630345392508999
	},
	"musp": {
		"min": 1e-10,
		"max": 19.414559027295777,
		"mean": 6.599099234216467,
		"std": 5.375286181704875,
		"ssr": 28.893701535227372
	},
	"signal": {
		"min": -588.710693359375,
		"max": 3738.16259765625,
		"mean": 268.2727366293908,
		"std": 188.7383636307311,
		"ssr": 35622.169906006086
	},
	"num_samples": 1764,
	"experimental": true,
	"num_classes": 6
}